username,password,online,ip,port,token,imageCount
osaos61,1234,1,10.7.57.221,50,osaos611234,
osaos69,1234,1,10.7.57.221,58,osaos691234,
osaos62,1234,1,10.7.57.221,51,osaos621234,
osaos63,1234,1,10.7.57.221,52,osaos631234,
osaos65,1234,1,10.7.57.221,54,osaos651234,
osaos66,1234,1,10.7.57.221,55,osaos661234,
osaos64,1234,1,10.7.57.221,53,osaos641234,
osaos67,1234,1,10.7.57.221,56,osaos671234,
osaos96,1234,1,10.7.57.221,85,osaos961234,
osaos105,1234,1,10.7.57.221,94,osaos1051234,
osaos83,1234,1,10.7.57.221,72,osaos831234,
osaos82,1234,1,10.7.57.221,71,osaos821234,
osaos114,1234,1,10.7.57.221,103,osaos1141234,
osaos90,1234,1,10.7.57.221,79,osaos901234,
osaos93,1234,1,10.7.57.221,82,osaos931234,
osaos103,1234,1,10.7.57.221,92,osaos1031234,
osaos76,1234,1,10.7.57.221,65,osaos761234,
osaos104,1234,1,10.7.57.221,93,osaos1041234,
osaos97,1234,1,10.7.57.221,86,osaos971234,
osaos88,1234,1,10.7.57.221,77,osaos881234,
osaos101,1234,1,10.7.57.221,90,osaos1011234,
osaos85,1234,1,10.7.57.221,74,osaos851234,
osaos92,1234,1,10.7.57.221,81,osaos921234,
osaos95,1234,1,10.7.57.221,84,osaos951234,
osaos70,1234,1,10.7.57.221,59,osaos701234,
osaos68,1234,1,10.7.57.221,57,osaos681234,
osaos75,1234,1,10.7.57.221,64,osaos751234,
osaos102,1234,1,10.7.57.221,91,osaos1021234,
osaos71,1234,1,10.7.57.221,60,osaos711234,
osaos112,1234,1,10.7.57.221,101,osaos1121234,
osaos100,1234,1,10.7.57.221,89,osaos1001234,
osaos89,1234,1,10.7.57.221,78,osaos891234,
osaos84,1234,1,10.7.57.221,73,osaos841234,
osaos107,1234,1,10.7.57.221,96,osaos1071234,
osaos113,1234,1,10.7.57.221,102,osaos1131234,
osaos108,1234,1,10.7.57.221,97,osaos1081234,
osaos77,1234,1,10.7.57.221,66,osaos771234,
osaos94,1234,1,10.7.57.221,83,osaos941234,
osaos80,1234,1,10.7.57.221,69,osaos801234,
osaos81,1234,1,10.7.57.221,70,osaos811234,
osaos110,1234,1,10.7.57.221,99,osaos1101234,
osaos72,1234,1,10.7.57.221,61,osaos721234,
osaos73,1234,1,10.7.57.221,62,osaos731234,
osaos115,1234,1,10.7.57.221,104,osaos1151234,
osaos116,1234,1,10.7.57.221,105,osaos1161234,
osaos111,1234,1,10.7.57.221,100,osaos1111234,
osaos86,1234,1,10.7.57.221,75,osaos861234,
osaos109,1234,1,10.7.57.221,98,osaos1091234,
osaos98,1234,1,10.7.57.221,87,osaos981234,
osaos117,1234,1,10.7.57.221,106,osaos1171234,
osaos106,1234,1,10.7.57.221,95,osaos1061234,
osaos118,1234,1,10.7.57.221,107,osaos1181234,
osaos91,1234,1,10.7.57.221,80,osaos911234,
osaos87,1234,1,10.7.57.221,76,osaos871234,
osaos78,1234,1,10.7.57.221,67,osaos781234,
osaos79,1234,1,10.7.57.221,68,osaos791234,
osaos119,1234,1,10.7.57.221,108,osaos1191234,
osaos127,1234,1,10.7.57.221,116,osaos1271234,
osaos124,1234,1,10.7.57.221,113,osaos1241234,
osaos74,1234,1,10.7.57.221,63,osaos741234,
